{
  "providers": [
    {
      "chars": [
        "ꐖ"
      ],
      "file": "ranks/admin.png",
      "ascent": 8,
      "height": 8,
      "type": "bitmap"
    },
    {
      "chars": [
        "ꐖ"
      ],
      "file": "ranks/gracz.png",
      "ascent": 8,
      "height": 8,
      "type": "bitmap"
    },
    {
      "chars": [
        "ꐖ"
      ],
      "file": "ranks/headadmin.png",
      "ascent": 8,
      "height": 8,
      "type": "bitmap"
    },
    {
      "chars": [
        "ꐖ"
      ],
      "file": "ranks/help.png",
      "ascent": 8,
      "height": 8,
      "type": "bitmap"
    },
    {
      "chars": [
        "ꐖ"
      ],
      "file": "ranks/kasti.png",
      "ascent": 8,
      "height": 8,
      "type": "bitmap"
    },
    {
      "chars": [
        "ꑝ"
      ],
      "file": "ranks/media.png",
      "ascent": 8,
      "height": 8,
      "type": "bitmap"
    },
    {
      "chars": [
        "ꑣ"
      ],
      "file": "ranks/milioner.png",
      "ascent": 8,
      "height": 8,
      "type": "bitmap"
    },
    {
      "chars": [
        "ꑤ"
      ],
      "file": "ranks/mod.png",
      "ascent": 8,
      "height": 8,
      "type": "bitmap"
    },
    {
      "chars": [
        "ꑥ"
      ],
      "file": "ranks/mvip.png",
      "ascent": 8,
      "height": 8,
      "type": "bitmap"
    },
    {
      "chars": [
        "ꑦ"
      ],
      "file": "ranks/owner.png",
      "ascent": 8,
      "height": 8,
      "type": "bitmap"
    },
    {
      "chars": [
        "ꑧ"
      ],
      "file": "ranks/vip.png",
      "ascent": 8,
      "height": 8,
      "type": "bitmap"
    },
    {
      "chars": [
        "ꑨ"
      ],
      "file": "gui/logo.png",
      "ascent": -10,
      "height": 1003,
      "type": "bitmap"
    }
  ]
}